player_id,player_name,date_of_birth,nationality,import_status,source_label,source_url,verified_at,notes
991904,Abbey McCulloch,1990-02-12,Australia,,Wikipedia / Wikidata (Category:Australian netball players),https://en.wikipedia.org/wiki/Abbey_McCulloch,2026-04-17,
994723,Abby Erwood,,,,,,,
80051,Abby Sargent,1977-05-25,Australia,,Wikipedia / Wikidata (Category:Australian netball players),https://en.wikipedia.org/wiki/Abby_Sargent,2026-04-17,
1004465,Abigail Latu-Meafou,1997-07-05,Australia,,Wikipedia / Wikidata (Category:Australian netball players),https://en.wikipedia.org/wiki/Abigail_Latu-Meafou,2026-04-17,
80070,Adelaide Johnson,1986-10-08,Australia,,Wikipedia / Wikidata (Category:Australian netball players),https://en.wikipedia.org/wiki/Adelaide_Johnson_(netball),2026-04-17,
80141,Adine Wilson,1979-06-08,New Zealand,import,Famous Birthdays (netball players),https://www.famousbirthdays.com/people/adine-wilson.html,2026-04-20,
1034261,Aimee Landrigan,,,,,,,
80602,Aisha Bower,,,,,,,
80302,Alanah Cassidy,,,,,,,
80004,Alex Clarke,1977-09-30,,,netball.com.au player profile,https://netball.com.au/player/alex-clarke,2026-04-20,
1007305,Alexia Baker,,,,,,,
994215,Alice Teague-Neeld,1996-03-02,Australia,local,Wikipedia team page (West Coast Fever 2026 squad),https://en.wikipedia.org/wiki/West_Coast_Fever,2026-04-19,
1001715,Alison Miller,,,,,,,
80155,Alissa Castrisos,,,,,,,
1014127,Allie Smith,2000-02-05,Australia,local,2025 SSN Master Sheet.ods,,2026-04-19,
80159,Althea Byfield,,,,,,,
80127,Ama Agbeze,1982-11-12,,,Wikipedia / Wikidata (Category:Suncorp Super Netball players),https://en.wikipedia.org/wiki/Ama_Agbeze,2026-04-18,
80032,Amber Ormond,,,,,,,
80573,Amehlia Schmidt,,,,,,,
80444,Ameliaranne Ekenasio,1991-01-11,,,Wikipedia / Wikidata (Category:Australian netball players),https://en.wikipedia.org/wiki/Ameliaranne_Ekenasio,2026-04-17,
80106,Amigene Metcalfe,,,,,,,
998973,Amorangi Malesala,,,,,,,
80303,Amy Christophers,,,,,,,
1001356,Amy Parmenter,1997-08-01,Australia,local,Wikipedia team page (Melbourne Mavericks 2026 squad),https://en.wikipedia.org/wiki/Melbourne_Mavericks,2026-04-19,
1022764,Amy Sligar,2002-03-13,Australia,local,Wikipedia team page (Giants Netball 2026 squad),https://en.wikipedia.org/wiki/Giants_Netball,2026-04-19,
1001557,Amy Sommerville,,,,,,,
80180,Amy Steel,1989-04-07,Australia,,Wikipedia / Wikidata (Category:Australian netball players),https://en.wikipedia.org/wiki/Amy_Steel_(netball),2026-04-17,
80157,Amy Wild,,,,,,,
80132,Andrea Gilmore,1988-10-27,Australia,,Wikipedia / Wikidata (Category:Australian netball players),https://en.wikipedia.org/wiki/Andrea_Gilmore,2026-04-17,
80158,Angela Mitchell,,,,,,,
1009743,Angelina Frketic,,,,,,,
80053,Angelina Yates,,,,,,,
80495,Ann Helen Nu'uali'itia,,,,,,,
80292,Anna Galvan,,,,,,,
80192,Anna Harrison,,,,,,,
80028,Anna Thompson,,,,,,,
1019165,Annabelle Lawrie,,,,,,,
1022293,Annie Miller,,,,,,,
997815,Annika Lee Jones,1996-10-31,,,Wikipedia / Wikidata (Category:Australian netball players),https://en.wikipedia.org/wiki/Annika_Lee-Jones,2026-04-17,
80470,April Brandley,1990-04-19,,,Wikipedia / Wikidata (Category:Suncorp Super Netball players),https://en.wikipedia.org/wiki/April_Brandley,2026-04-18,
80193,Arahi Wall,,,,,,,
994094,Ariana Cable-Dixon,,,,,,,
1025020,Ash Ervin,2003-05-15,Australia,local,Wikipedia team page (Sunshine Coast Lightning 2026 squad),https://en.wikipedia.org/wiki/Sunshine_Coast_Lightning,2026-04-19,
1034270,Ashlee Barnett,2002-11-16,Australia,local,2025 SSN Master Sheet.ods,,2026-04-19,
80046,Ashlee Howard,1988-03-02,Australia,,Wikipedia / Wikidata (Category:Australian netball players),https://en.wikipedia.org/wiki/Ashlee_Howard,2026-04-17,
80153,Ashlee Mann,,,,,,,
1001703,Ashlee Unie,,,,,,,
80299,Ashleigh Brazill,1989-12-29,Australia,,Wikipedia / Wikidata (Category:Australian netball players),https://en.wikipedia.org/wiki/Ashleigh_Brazill,2026-04-17,
80181,Ashleigh Neal,,,,,,,
80195,Ashleigh Smith,,,,,,,
1028098,Ava Black,2003-06-12,Australia,local,Wikipedia team page (Sunshine Coast Lightning 2026 squad),https://en.wikipedia.org/wiki/Sunshine_Coast_Lightning,2026-04-19,
80198,Bailey Mes,,,,,,,
1034277,Baylee Boyd,2005-09-29,,,Club website profile (Sunshine Coast Lightning),https://sunshinecoastlightning.com.au/baylee-boyd/,2026-04-20,
80068,Bec Bulley,,,,,,,
998400,Beryl Friday,1994-01-19,Australia,,Wikipedia / Wikidata (Category:Australian netball players),https://en.wikipedia.org/wiki/Beryl_Friday,2026-04-17,
80024,Bessie Manu,,,,,,,
1006559,Beth Cobden,1993-02-03,,,Wikipedia / Wikidata (Category:Suncorp Super Netball players),https://en.wikipedia.org/wiki/Beth_Cobden,2026-04-18,
80312,Beth Shimmin,1987-03-18,Australia,,Wikipedia / Wikidata (Category:Australian netball players),https://en.wikipedia.org/wiki/Beth_Shimmin,2026-04-17,
80042,Bianca Chatfield,1982-04-02,Australia,,Wikipedia / Wikidata (Category:Australian netball players),https://en.wikipedia.org/wiki/Bianca_Chatfield,2026-04-17,
80130,Bianca Giteau,1984-02-11,Australia,,Wikipedia / Wikidata (Category:Australian netball players),https://en.wikipedia.org/wiki/Bianca_Giteau,2026-04-17,
80012,Bianca Reddy,1982-12-21,Australia,,Wikipedia / Wikidata (Category:Australian netball players),https://en.wikipedia.org/wiki/Bianca_Reddy,2026-04-17,
1013082,Binnian Hunt,,,,,,,
1003785,Blaze Leslie,,,,,,,
80558,Bongiwe Msomi,1988-01-19,,,Wikipedia / Wikidata (Category:Suncorp Super Netball players),https://en.wikipedia.org/wiki/Bongiwe_Msomi,2026-04-18,
1016036,Bridey Condren,1999-01-01,,,Wikipedia / Wikidata (Category:Australian netball players),https://en.wikipedia.org/wiki/Bridey_Condren,2026-04-17,
80103,Brigette Tapene,,,,,,,
1016034,Brooke Allan,,,,,,,
80469,Brooke Leaver,,,,,,,
995216,Brooke Miller,,,,,,,
80174,Brooke Thompson,1984-04-27,Australia,,Wikipedia / Wikidata (Category:Australian netball players),https://en.wikipedia.org/wiki/Brooke_Thompson,2026-04-17,
80113,Caitlin Bassett,1988-05-23,,,Wikipedia / Wikidata (Category:Suncorp Super Netball players),https://en.wikipedia.org/wiki/Caitlin_Bassett_(netball),2026-04-18,
80497,Caitlin Riedstra,,,,,,,
80052,Caitlin Thwaites,1986-12-29,,,Wikipedia / Wikidata (Category:Suncorp Super Netball players),https://en.wikipedia.org/wiki/Caitlin_Thwaites,2026-04-18,
1029541,Caitlyn Brown,1999-10-05,Australia,local,Wikipedia team page (West Coast Fever 2026 squad),https://en.wikipedia.org/wiki/West_Coast_Fever,2026-04-19,
992954,Caitlyn Nevins,1987-06-01,Australia,,Wikipedia / Wikidata (Category:Australian netball players),https://en.wikipedia.org/wiki/Caitlyn_Nevins,2026-04-17,
80154,Camilla Lees,,,,,,,
80442,Candice Adams,,,,,,,
80040,Candyce Edwards,,,,,,,
1001357,Cara Koenen,1996-02-27,Australia,local,Wikipedia team page (Sunshine Coast Lightning 2026 squad),https://en.wikipedia.org/wiki/Sunshine_Coast_Lightning,2026-04-19,
80295,Carla Borrego,1983-11-11,,,Wikipedia / Wikidata (Category:Australian netball players),https://en.wikipedia.org/wiki/Carla_Borrego,2026-04-17,
80179,Carla Dziwoki,1982-08-29,Australia,,Wikipedia / Wikidata (Category:Australian netball players),https://en.wikipedia.org/wiki/Carla_Dziwoki,2026-04-17,
80016,Carrie Worthley,1983-01-10,Australia,,Wikipedia / Wikidata (Category:Australian netball players),https://en.wikipedia.org/wiki/Carrie_Worthley,2026-04-17,
1001707,Casey Adamson,1997-11-25,Australia,local,Wikipedia team page (Giants Netball 2026 squad),https://en.wikipedia.org/wiki/Giants_Netball,2026-04-19,
80101,Casey Kopua,1985-06-19,New Zealand,import,Famous Birthdays (netball players),https://www.famousbirthdays.com/people/casey-kopua.html,2026-04-20,
80064,Catherine Cox,1976-05-24,Australia,,Wikipedia / Wikidata (Category:Australian netball players),https://en.wikipedia.org/wiki/Catherine_Cox_(netball),2026-04-17,
80054,Cathrine Tuivaiti,,,,,,,
80450,Chanel Gomes,1991-07-26,,,netball.com.au player profile,https://netball.com.au/player/chanel-gomes,2026-04-20,
1004493,Charlee Hodges,,,,,,,
1028036,Charli Fidler,,,,,,,
1025019,Charlie Bell,,,,,,,
997432,Charlotte Elley,,,,,,,
80023,Charlotte Kight,,,,,,,
1034298,Charlotte Sexton,2006-03-26,,,netball.com.au player profile,https://netball.com.au/player/charlotte-sexton,2026-04-20,
1012933,Chelsea Blackman,,,,,,,
1003788,Chelsea Lemke,,,,,,,
80301,Chelsea Pitman,1988-06-08,Australia,,Wikipedia / Wikidata (Category:Australian netball players),https://en.wikipedia.org/wiki/Chelsea_Pitman,2026-04-17,
80171,Chelsey Tregear,1983-10-07,Australia,,Wikipedia / Wikidata (Category:Australian netball players),https://en.wikipedia.org/wiki/Chelsey_Tregear,2026-04-17,
994226,Chloe Watson,,,,,,,
994106,Chloe Williamson,,,,,,,
80345,Christie Barnes,,,,,,,
80427,Claire Kersten,,,,,,,
1001702,Claire O'Brien,,,,,,,
80076,Clare McMeniman,1985-07-11,Australia,,Wikipedia / Wikidata (Category:Australian netball players),https://en.wikipedia.org/wiki/Clare_McMeniman,2026-04-17,
80449,Cody Lange,1994-10-24,Australia,,Wikipedia / Wikidata (Category:Australian netball players),https://en.wikipedia.org/wiki/Cody_Lange,2026-04-17,
80343,Courtney Bruce,1993-12-08,Australia,local,Wikipedia team page (Sunshine Coast Lightning 2026 squad),https://en.wikipedia.org/wiki/Sunshine_Coast_Lightning,2026-04-19,
1019164,Courtney Kruta,,,,,,,
80182,Courtney Tairi,1988-07-15,,,Wikipedia / Wikidata (Category:Australian netball players),https://en.wikipedia.org/wiki/Courtney_Tairi,2026-04-17,
80037,Cushla Lichtwark,,,,,,,
1025015,Dakota Thomas,,,,,,,
80093,Daneka Wipiiti,,,,,,,
1029516,Danielle Taylor,,,,,,,
80212,Daya Wiffen,,,,,,,
80097,Debbie White,1978-04-23,New Zealand,import,Famous Birthdays (netball players),https://www.famousbirthdays.com/people/debbie-white.html,2026-04-20,
80020,Demelza Fellowes,,,,,,,
995701,Denise Shepley,,,,,,,
80156,Donna Wilkins,,,,,,,
1021253,Donnell Wallam,1994-01-13,Australia,local,Wikipedia team page (Sunshine Coast Lightning 2026 squad),https://en.wikipedia.org/wiki/Sunshine_Coast_Lightning,2026-04-19,
80530,Eboni Usoro-Brown,1988-02-04,,,Wikipedia / Wikidata (Category:Suncorp Super Netball players),https://en.wikipedia.org/wiki/Eboni_Usoro-Brown,2026-04-18,
1006558,Eleanor Cardwell,1994-11-11,England,import,2025 SSN Master Sheet.ods,,2026-04-19,
1043442,Elena Damianopoulos,,,,,,,
80175,Elias Scheres,,,,,,,
80443,Elissa Kent,,,,,,,
80587,Elizabeth Hayman,,,,,,,
994219,Elle Bennetts,1989-09-06,,,Wikipedia / Wikidata (Category:Australian netball players),https://en.wikipedia.org/wiki/Elle_Bennetts,2026-04-17,
1019168,Elle McDonald,,,,,,,
992995,Elle Temu,,,,,,,
80022,Ellen Halpenny,,,,,,,
1025203,Elmere van der Berg,2001-04-09,South Africa,import,Wikipedia team page (Adelaide Thunderbirds 2026 squad),https://en.wikipedia.org/wiki/Adelaide_Thunderbirds,2026-04-19,
80389,Elsa Brown,,,,,,,
1034272,Elsa Sif Sandholt,2004-05-21,,,Club website profile (Queensland Firebirds),https://firebirds.net.au/player/elsa-sif-sandholt,2026-04-20,
1026856,Emily Andrew,,,,,,,
80001,Emily Beaton,1987-04-09,Australia,,Wikipedia / Wikidata (Category:Australian netball players),https://en.wikipedia.org/wiki/Emily_Beaton,2026-04-17,
1001709,Emily Burgess,,,,,,,
1009013,Emily Keenan,,,,,,,
994213,Emily Mannix,1994-05-06,Australia,local,Wikipedia team page (Melbourne Vixens 2026 squad),https://en.wikipedia.org/wiki/Melbourne_Vixens,2026-04-19,
1029501,Emily Moore,1997-03-07,Australia,local,Wikipedia team page (Queensland Firebirds 2026 squad),https://en.wikipedia.org/wiki/Queensland_Firebirds,2026-04-19,
1013649,Emma Barrie,,,,,,,
80126,Emma Beckett,1984-11-16,Australia,,Wikipedia / Wikidata (Category:Australian netball players),https://en.wikipedia.org/wiki/Emma_Beckett_(netball),2026-04-17,
1000231,Emma Cosh,,,,,,,
80214,Emma Iversen,,,,,,,
80066,Emma Koster,1984-05-29,Australia,,Wikipedia / Wikidata (Category:Australian netball players),https://en.wikipedia.org/wiki/Emma_Koster,2026-04-17,
80215,Emma Moynihan,,,,,,,
1001717,Emma Ryde,,,,,,,
1007218,Emma Tickner,,,,,,,
80393,Erena Mikaere,1988-07-09,,,Wikipedia / Wikidata (Category:Suncorp Super Netball players),https://en.wikipedia.org/wiki/Erena_Mikaere,2026-04-18,
80096,Erika Burgess-Maifea,,,,,,,
80699,Erikana Pedersen,,,,,,,
80067,Erin Bell,1987-04-30,,,Wikipedia / Wikidata (Category:Suncorp Super Netball players),https://en.wikipedia.org/wiki/Erin_Bell,2026-04-18,
80552,Erin Burger,1987-02-10,,,Wikipedia / Wikidata (Category:Suncorp Super Netball players),https://en.wikipedia.org/wiki/Erin_Burger,2026-04-18,
991900,Erin Hoare,1989-07-17,Australia,,Wikipedia / Wikidata (Category:Australian netball players),https://en.wikipedia.org/wiki/Erin_Hoare,2026-04-17,
1028096,Erin O'Brien,2005-01-03,Australia,local,Wikipedia team page (Giants Netball 2026 squad),https://en.wikipedia.org/wiki/Giants_Netball,2026-04-19,
998998,Fa'amu Ioane,,,,,,,
80164,Finau Pulu,,,,,,,
994232,Fiona Themann,1990-04-18,,,Wikipedia / Wikidata (Category:Australian netball players),https://en.wikipedia.org/wiki/Fiona_Themann,2026-04-17,
1014234,Fran Williams,1997-12-23,England,import,Wikipedia team page (West Coast Fever 2026 squad),https://en.wikipedia.org/wiki/West_Coast_Fever,2026-04-19,
80029,Frances Solia,,,,,,,
1034276,Frederika Schneideman,2005-03-19,,,netball.com.au player profile,https://netball.com.au/player/frederika-schneideman,2026-04-20,
991905,Gabi Simpson,1992-10-17,Australia,,Wikipedia / Wikidata (Category:Australian netball players),https://en.wikipedia.org/wiki/Gabi_Simpson,2026-04-17,
1023580,Gabrielle Coffey,,,,,,,
1014126,Gabrielle Sinclair,1993-07-12,Australia,local,Wikipedia team page (Sunshine Coast Lightning 2026 squad),https://en.wikipedia.org/wiki/Sunshine_Coast_Lightning,2026-04-19,
80565,Gemma Etheredge,,,,,,,
80002,Georgia Beaton,1990-06-22,Australia,,Wikipedia / Wikidata (Category:Australian netball players),https://en.wikipedia.org/wiki/Georgia_Beaton,2026-04-17,
1013075,Georgia Marshall,,,,,,,
1015271,Georgie Horjus,2002-01-28,Australia,local,Wikipedia team page (Adelaide Thunderbirds 2026 squad),https://en.wikipedia.org/wiki/Adelaide_Thunderbirds,2026-04-19,
80010,Geva Mentor,1984-09-17,,,Wikipedia / Wikidata (Category:Suncorp Super Netball players),https://en.wikipedia.org/wiki/Geva_Mentor,2026-04-18,
995700,Gia Abernethy,,,,,,,
80477,Gina Crampton,,New Zealand,import,Wikipedia team page (New South Wales Swifts 2026 squad),https://en.wikipedia.org/wiki/New_South_Wales_Swifts,2026-04-19,
80055,Grace Kara,,,,,,,
1001705,Grace Kukutai,,,,,,,
1014724,Grace Nweke,2002-02-07,New Zealand,import,Wikipedia team page (New South Wales Swifts 2026 squad),https://en.wikipedia.org/wiki/New_South_Wales_Swifts,2026-04-19,
1030765,Grace Whyte,2005-04-12,Australia,local,Wikipedia team page (New South Wales Swifts 2026 squad),https://en.wikipedia.org/wiki/New_South_Wales_Swifts,2026-04-19,
993463,Gretel Bueta,1993-07-03,Australia,,Wikipedia / Wikidata (Category:Australian netball players),https://en.wikipedia.org/wiki/Gretel_Bueta,2026-04-17,
80104,Halana Leith,,,,,,,
80160,Hannah Broederlow,,,,,,,
1022297,Hannah Mundy,2001-06-10,Australia,local,Wikipedia team page (Melbourne Vixens 2026 squad),https://en.wikipedia.org/wiki/Melbourne_Vixens,2026-04-19,
999806,Hannah Petty,1997-05-17,,,Wikipedia / Wikidata (Category:Australian netball players),https://en.wikipedia.org/wiki/Hannah_Petty,2026-04-17,
80221,Hannah Poff,,,,,,,
80035,Hayley Crofts,,,,,,,
80223,Hayley Saunders,,,,,,,
80027,Hayley Stockman,,,,,,,
999128,Helen Housby,1995-01-19,England,import,Wikipedia team page (New South Wales Swifts 2026 squad),https://en.wikipedia.org/wiki/New_South_Wales_Swifts,2026-04-19,
80708,Holly Fowler,,,,,,,
1034275,Hope White,2006-10-19,Australia,local,Wikipedia team page (Giants Netball 2026 squad),https://en.wikipedia.org/wiki/Giants_Netball,2026-04-19,
1019380,Hulita Veve,1995-01-01,Tonga,import,Wikipedia / Wikidata (Category:Australian netball players),https://en.wikipedia.org/wiki/Hulita_Veve,2026-04-17,
1033807,Hulita Veve,1995-01-01,Tonga,import,Wikipedia / Wikidata (Category:Australian netball players),https://en.wikipedia.org/wiki/Hulita_Veve,2026-04-17,
1016601,Imogen Allison,1998-04-24,England,import,Wikipedia team page (Queensland Firebirds 2026 squad),https://en.wikipedia.org/wiki/Queensland_Firebirds,2026-04-19,
1009721,Ine-Mari Venter,,,,,,,
993360,Ingrid Colyer,1993-10-27,,,Wikipedia / Wikidata (Category:Australian netball players),https://en.wikipedia.org/wiki/Ingrid_Colyer,2026-04-17,
80129,Ingrid Dick,1972-01-14,Australia,,Wikipedia / Wikidata (Category:Australian netball players),https://en.wikipedia.org/wiki/Ingrid_Dick,2026-04-17,
80111,Irene van Dyk,1972-06-21,,,Famous Birthdays (netball players),https://www.famousbirthdays.com/people/irene-dyk.html,2026-04-20,
1029985,Isabelle Shearer,2003-02-08,Australia,local,Wikipedia team page (Queensland Firebirds 2026 squad),https://en.wikipedia.org/wiki/Queensland_Firebirds,2026-04-19,
80590,Isarena Chan,,,,,,,
80571,Jacinta Messer,,,,,,,
1001716,Jacqui Newton,,,,,,,
80297,Jacqui Russell,1988-08-01,,,Wikipedia / Wikidata (Category:Australian netball players),https://en.wikipedia.org/wiki/Jacqui_Russell,2026-04-17,
1025021,Jada Gafa,,,,,,,
80146,Jade Clarke,1983-10-17,England,import,Famous Birthdays (netball players),https://www.famousbirthdays.com/people/jade-clarke.html,2026-04-20,
80056,Jade Topia,,,,,,,
1003470,Jamie Hume,,,,,,,
80701,Jamie-Lee Price,1996-01-10,Australia,local,Wikipedia team page (Melbourne Mavericks 2026 squad),https://en.wikipedia.org/wiki/Melbourne_Mavericks,2026-04-19,
80030,Jamilah Gupwell,,,,,,,
80168,Jane Altschwager,1980-08-25,Australia,,Wikipedia / Wikidata (Category:Australian netball players),https://en.wikipedia.org/wiki/Jane_Altschwager,2026-04-17,
1001710,Jane Cook,,,,,,,
80225,Jane Watson,1990-03-07,New Zealand,import,Wikipedia team page (Giants Netball 2026 squad),https://en.wikipedia.org/wiki/Giants_Netball,2026-04-19,
80087,Janelle Lawson,1987-08-09,Australia,,Wikipedia / Wikidata (Category:Australian netball players),https://en.wikipedia.org/wiki/Janelle_Lawson,2026-04-17,
80165,Jasmine Keene,1987-01-14,Australia,,Wikipedia / Wikidata (Category:Australian netball players),https://en.wikipedia.org/wiki/Jasmine_Keene,2026-04-17,
1022763,Jemma Donoghue,,,,,,,
1007220,Jemma Mi Mi,1996-03-04,,,Wikipedia / Wikidata (Category:Australian netball players),https://en.wikipedia.org/wiki/Jemma_Mi_Mi,2026-04-17,
80183,Jenny Ferguson,,,,,,,
80086,Jenny O'Connor,,,,,,,
80089,Jenny-May Coffin,,,,,,,
998408,Jess Anstiss,1996-11-20,Australia,local,Wikipedia team page (West Coast Fever 2026 squad),https://en.wikipedia.org/wiki/West_Coast_Fever,2026-04-19,
80580,Jess Bourke,,,,,,,
80428,Jess Maclennan,,,,,,,
1007307,Jessica Eales,,,,,,,
1034271,Jessica Laga'aia,2000-03-18,,,netball.com.au player profile,https://netball.com.au/player/jessica-lagaaia,2026-04-20,
80161,Jessica Mansell,1989-01-13,Australia,,Wikipedia / Wikidata (Category:Australian netball players),https://en.wikipedia.org/wiki/Jessica_Mansell,2026-04-17,
1034435,Jessica Milne,2001-08-03,,,2025 SSN Master Sheet.ods,,2026-04-19,
80091,Jessica Tuki,,,,,,,
1029535,Jessie Grenvold,2003-04-26,Australia,local,Wikipedia team page (Melbourne Mavericks 2026 squad),https://en.wikipedia.org/wiki/Melbourne_Mavericks,2026-04-19,
80229,Jessie Taane,,,,,,,
80826,Jhaniele Fowler-Nembhard,1989-07-21,Jamaica,import,Wikipedia team page (West Coast Fever 2026 squad),https://en.wikipedia.org/wiki/West_Coast_Fever,2026-04-19,
80150,Jo Harten,1989-03-21,England,import,Wikipedia / Wikidata (Category:Suncorp Super Netball players),https://en.wikipedia.org/wiki/Jo_Harten,2026-04-18,
80025,Jo McCaw,,,,,,,
80314,Jo Trip,,,,,,,
80577,Jo Weston,1994-02-14,Australia,local,Wikipedia team page (Melbourne Vixens 2026 squad),https://en.wikipedia.org/wiki/Melbourne_Vixens,2026-04-19,
80084,Joanne Morgan,1974-09-13,Australia,,Wikipedia / Wikidata (Category:Australian netball players),https://en.wikipedia.org/wiki/Joanne_Morgan_(netball),2026-04-17,
80173,Joanne Sutton,,,,,,,
80019,Jodi Brown,,,,,,,
80108,Jodi Tod-Elliott,,,,,,,
1011747,Jodi-Ann Ward,1994-09-01,Jamaica,import,Wikipedia team page (Giants Netball 2026 squad),https://en.wikipedia.org/wiki/Giants_Netball,2026-04-19,
80044,Johannah Curran,1986-12-09,Australia,,Wikipedia / Wikidata (Category:Australian netball players),https://en.wikipedia.org/wiki/Johannah_Curran,2026-04-17,
80109,Joline Henry,,,,,,,
1022296,Jordan Cransberg,1999-11-16,Australia,local,Wikipedia team page (West Coast Fever 2026 squad),https://en.wikipedia.org/wiki/West_Coast_Fever,2026-04-19,
80133,Josie Janz-Dawson,1988-02-24,Australia,,Wikipedia / Wikidata (Category:Australian netball players),https://en.wikipedia.org/wiki/Josie_Janz-Dawson,2026-04-17,
80092,Juliana Naoupu,,,,,,,
80049,Julie Corletto,,,,,,,
80017,Julie Seymour,1971-03-29,,,Famous Birthdays (netball players),https://www.famousbirthdays.com/people/julie-seymour.html,2026-04-20,
1001920,Kadie-Ann Dehaney,1996-09-04,Jamaica,import,Wikipedia team page (West Coast Fever 2026 squad),https://en.wikipedia.org/wiki/West_Coast_Fever,2026-04-19,
80039,Kahurangi Waititi,,,,,,,
1021073,Kaitlyn Black,,,,,,,
993702,Kaitlyn Bryce,,,,,,,
1001872,Kalifa McCollin,1995-07-18,,,Wikipedia / Wikidata (Category:Suncorp Super Netball players),https://en.wikipedia.org/wiki/Kalifa_McCollin,2026-04-18,
80294,Kara Richards,1988-01-25,Australia,,Wikipedia / Wikidata (Category:Australian netball players),https://en.wikipedia.org/wiki/Kara_Richards,2026-04-17,
80128,Karen Atkinson,,,,,,,
998411,Karin Burger,1994-04-12,New Zealand,import,Wikipedia team page (Sunshine Coast Lightning 2026 squad),https://en.wikipedia.org/wiki/Sunshine_Coast_Lightning,2026-04-19,
80559,Karla Pretorius,1990-03-12,,,Wikipedia / Wikidata (Category:Suncorp Super Netball players),https://en.wikipedia.org/wiki/Karla_Pretorius,2026-04-18,
80570,Karyn Bailey,1986-07-28,,,Wikipedia / Wikidata (Category:Suncorp Super Netball players),https://en.wikipedia.org/wiki/Karyn_Bailey,2026-04-18,
80446,Kasey Evering,,,,,,,
80176,Kasey Stanaway,,,,,,,
80403,Kataraina Cooper,,,,,,,
80003,Kate Beveridge,,,,,,,
80808,Kate Burley,,,,,,,
1001701,Kate Eddy,1996-09-12,Australia,local,Wikipedia team page (Melbourne Vixens 2026 squad),https://en.wikipedia.org/wiki/Melbourne_Vixens,2026-04-19,
1023967,Kate Grant,,,,,,,
1006758,Kate Heffernan,1999-10-07,New Zealand,import,Wikipedia team page (Adelaide Thunderbirds 2026 squad),https://en.wikipedia.org/wiki/Adelaide_Thunderbirds,2026-04-19,
991901,Kate Moloney,1993-08-01,Australia,local,Wikipedia team page (Melbourne Vixens 2026 squad),https://en.wikipedia.org/wiki/Melbourne_Vixens,2026-04-19,
80440,Kate Walsh,1992-02-13,,,Wikipedia / Wikidata (Category:Australian netball players),https://en.wikipedia.org/wiki/Kate_Walsh_(netball),2026-04-17,
1003786,Kate Wells,,,,,,,
80479,Katherine Levien,,,,,,,
80169,Kathleen Knott,1987-09-19,Australia,,Wikipedia / Wikidata (Category:Australian netball players),https://en.wikipedia.org/wiki/Kathleen_Knott,2026-04-17,
80172,Katie King,,,,,,,
80082,Katie Walker,1978-07-18,Australia,,Wikipedia / Wikidata (Category:Australian netball players),https://en.wikipedia.org/wiki/Katie_Walker_(netball),2026-04-17,
80099,Katrina Rore,,,,,,,
1032618,Kayla Graham,2004-05-24,Australia,local,Wikipedia team page (Adelaide Thunderbirds 2026 squad),https://en.wikipedia.org/wiki/Adelaide_Thunderbirds,2026-04-19,
80304,Kayla Johnson,,,,,,,
80379,Kayla McAlister,,,,,,,
995218,Kaylia Stanton,1994-05-17,Australia,,Wikipedia / Wikidata (Category:Australian netball players),https://en.wikipedia.org/wiki/Kaylia_Stanton,2026-04-17,
80077,Keirra Trompf,1985-09-16,Australia,,Wikipedia / Wikidata (Category:Australian netball players),https://en.wikipedia.org/wiki/Keirra_Trompf,2026-04-17,
1019170,Kelea Iongi,,,,,,,
1014125,Kelly Altmann,1993-04-24,,,Wikipedia / Wikidata (Category:Australian netball players),https://en.wikipedia.org/wiki/Kelly_Altmann,2026-04-17,
993041,Kelly Jackson,1996-10-22,New Zealand,import,Wikipedia team page (Queensland Firebirds 2026 squad),https://en.wikipedia.org/wiki/Queensland_Firebirds,2026-04-19,
1013431,Kelly Singleton,1998-06-24,,,netball.com.au player profile,https://netball.com.au/player/kelly-singleton,2026-04-20,
80575,Kelsey Browne,1992-01-17,,,Wikipedia / Wikidata (Category:Australian netball players),https://en.wikipedia.org/wiki/Kelsey_Browne,2026-04-17,
1004500,Kelsie Rainbow,1996-09-26,,,Wikipedia / Wikidata (Category:Australian netball players),https://en.wikipedia.org/wiki/Kelsie_Rainbow,2026-04-17,
80329,Kendall Corkery,,,,,,,
80494,Kendra Falefitu,,,,,,,
80107,Keshia Grant,,,,,,,
80572,Khao Watts,,,,,,,
1001708,Kiera Austin,1997-08-26,Australia,local,Wikipedia team page (Melbourne Vixens 2026 squad),https://en.wikipedia.org/wiki/Melbourne_Vixens,2026-04-19,
80422,Kiley Hikawai,,,,,,,
1007219,Kim Brown,1998-02-27,Australia,local,Wikipedia team page (Melbourne Mavericks 2026 squad),https://en.wikipedia.org/wiki/Melbourne_Mavericks,2026-04-19,
80069,Kim Green,1986-03-05,Australia,local,Famous Birthdays (netball players),https://www.famousbirthdays.com/people/kimberlee-green.html,2026-04-20,
80833,Kim Ravaillion,1993-07-26,Australia,,Wikipedia / Wikidata (Category:Australian netball players),https://en.wikipedia.org/wiki/Kim_Ravaillion,2026-04-17,
80163,Kimberley Smith,1982-06-18,Australia,,Wikipedia / Wikidata (Category:Australian netball players),https://en.wikipedia.org/wiki/Kimberley_Smith_(netball),2026-04-17,
80298,Kimberly Borger,,,,,,,
1001583,Kimiora Poi,1997-11-01,,,Wikipedia / Wikidata (Category:Suncorp Super Netball players),https://en.wikipedia.org/wiki/Kimiora_Poi,2026-04-18,
80114,Kirby Bentley,1986-05-09,Australia,,Wikipedia / Wikidata (Category:Australian netball players),https://en.wikipedia.org/wiki/Kirby_Bentley,2026-04-17,
80240,Kirby Heath,,,,,,,
80011,Kirby Mutton,1984-09-17,Australia,,Wikipedia / Wikidata (Category:Australian netball players),https://en.wikipedia.org/wiki/Kirby_Mutton,2026-04-17,
1015214,Kirsten Dickson,,,,,,,
80008,Kristen Hughes,,,,,,,
1004463,Kristen Oxenford,,,,,,,
993358,Kristiana Manu'a,1997-08-26,,,Wikipedia / Wikidata (Category:Australian netball players),https://en.wikipedia.org/wiki/Kristiana_Manu%27a,2026-04-17,
999823,Kristina Brice,1994-07-09,,,Wikipedia / Wikidata (Category:Suncorp Super Netball players),https://en.wikipedia.org/wiki/Kristina_Brice,2026-04-18,
80313,Kristy Guthrie,,,,,,,
1004472,Lara Dunkley,1995-05-31,Australia,local,Wikipedia team page (Queensland Firebirds 2026 squad),https://en.wikipedia.org/wiki/Queensland_Firebirds,2026-04-19,
80306,Lara Welham,,,,,,,
80166,Larrissa Harrison,,,,,,,
80125,Larrissa Willcox,,,,,,,
1019205,Latanya Wilson,2000-11-10,Jamaica,import,Wikipedia team page (Adelaide Thunderbirds 2026 squad),https://en.wikipedia.org/wiki/Adelaide_Thunderbirds,2026-04-19,
1013433,Latika Tombs,,,,,,,
991903,Laura Clemesha,1992-01-21,Australia,,Wikipedia / Wikidata (Category:Australian netball players),https://en.wikipedia.org/wiki/Laura_Clemesha,2026-04-17,
80080,Laura Geitz,1987-11-04,,,Wikipedia / Wikidata (Category:Suncorp Super Netball players),https://en.wikipedia.org/wiki/Laura_Geitz,2026-04-18,
80105,Laura Langman,1986-04-16,,,Wikipedia / Wikidata (Category:Suncorp Super Netball players),https://en.wikipedia.org/wiki/Laura_Langman,2026-04-18,
991898,Laura Packard,,,,,,,
80296,Laura Scherian,1988-06-26,Australia,local,Wikipedia / Wikidata (Category:Australian netball players),https://en.wikipedia.org/wiki/Laura_Scherian,2026-04-17,
80139,Laura von Bertouch,1981-12-09,Australia,,Wikipedia / Wikidata (Category:Australian netball players),https://en.wikipedia.org/wiki/Laura_von_Bertouch,2026-04-17,
80034,Lauren Burgess,,,,,,,
1029533,Lauren Frew,2001-12-12,Australia,local,Wikipedia team page (Adelaide Thunderbirds 2026 squad),https://en.wikipedia.org/wiki/Adelaide_Thunderbirds,2026-04-19,
80081,Lauren Nourse,1982-08-10,Australia,,Wikipedia / Wikidata (Category:Australian netball players),https://en.wikipedia.org/wiki/Lauren_Nourse,2026-04-17,
1001803,Lauren Parkinson,1998-01-30,Australia,local,2025 SSN Master Sheet.ods,,2026-04-19,
80245,Lavinia Lavea,,,,,,,
80814,Layla Guscoth,1992-03-02,,,Wikipedia / Wikidata (Category:Suncorp Super Netball players),https://en.wikipedia.org/wiki/Layla_Guscoth,2026-04-18,
80074,Leah Shoard,1986-05-23,Australia,,Wikipedia / Wikidata (Category:Australian netball players),https://en.wikipedia.org/wiki/Leah_Shoard,2026-04-17,
80057,Leana de Bruin,,,,,,,
1029514,Leesa Mi Mi,2001-05-18,Australia,local,Wikipedia team page (Sunshine Coast Lightning 2026 squad),https://en.wikipedia.org/wiki/Sunshine_Coast_Lightning,2026-04-19,
80576,Leigh Waddington,,,,,,,
1021095,Leilani Rohweder,,,,,,,
1001865,Lenize Potgieter,1994-05-02,,,Wikipedia / Wikidata (Category:Suncorp Super Netball players),https://en.wikipedia.org/wiki/Lenize_Potgieter,2026-04-18,
80094,Liana Leota,1984-10-31,New Zealand,import,Famous Birthdays (netball players),https://www.famousbirthdays.com/people/liana-leota.html,2026-04-20,
1027549,Lili Gorman-Brown,1999-06-24,,,2025 SSN Master Sheet.ods,,2026-04-19,
1034295,Lily Graham,2005-09-27,Australia,local,Wikipedia team page (Melbourne Vixens 2026 squad),https://en.wikipedia.org/wiki/Melbourne_Vixens,2026-04-19,
1029504,Lily Gribble,,,,,,,
80454,Lindal Rohde,1990-09-21,Australia,,Wikipedia / Wikidata (Category:Australian netball players),https://en.wikipedia.org/wiki/Lindal_Rohde,2026-04-17,
80578,Lisa Millman,,,,,,,
994224,Liz Watson,1994-03-30,Australia,local,Wikipedia team page (Sunshine Coast Lightning 2026 squad),https://en.wikipedia.org/wiki/Sunshine_Coast_Lightning,2026-04-19,
80247,Louise Thayer,,,,,,,
1022294,Lucy Austin,2001-12-20,Australia,local,Wikipedia team page (Giants Netball 2026 squad),https://en.wikipedia.org/wiki/Giants_Netball,2026-04-19,
1015274,Macy Gardner,2000-06-07,Australia,local,Wikipedia team page (Queensland Firebirds 2026 squad),https://en.wikipedia.org/wiki/Queensland_Firebirds,2026-04-19,
1029515,Maddi Ridley,,,,,,,
995217,Maddie Hay,1995-04-11,,,Wikipedia / Wikidata (Category:Australian netball players),https://en.wikipedia.org/wiki/Maddie_Hay,2026-04-17,
1015543,Maddie Hinchliffe,1998-05-25,Australia,local,2025 SSN Master Sheet.ods,,2026-04-19,
1006791,Maddy Gordon,2000-01-16,New Zealand,import,Wikipedia team page (Queensland Firebirds 2026 squad),https://en.wikipedia.org/wiki/Queensland_Firebirds,2026-04-19,
998401,Maddy McAuliffe,,,,,,,
80439,Maddy Proud,1993-12-04,Australia,local,Wikipedia team page (New South Wales Swifts 2026 squad),https://en.wikipedia.org/wiki/New_South_Wales_Swifts,2026-04-19,
1003784,Maddy Turner,1995-12-17,Australia,local,Wikipedia team page (New South Wales Swifts 2026 squad),https://en.wikipedia.org/wiki/New_South_Wales_Swifts,2026-04-19,
80041,Madi Browne,,,,,,,
1027543,Maggie Caris,2002-12-21,Australia,local,2025 SSN Master Sheet.ods,,2026-04-19,
994225,Maggie Lind,,,,,,,
1000831,Mahalia Cassidy,1995-10-09,Australia,local,Wikipedia team page (Sunshine Coast Lightning 2026 squad),https://en.wikipedia.org/wiki/Sunshine_Coast_Lightning,2026-04-19,
80710,Maia Wilson,,,,,,,
1016033,Maisie Nankivell,1999-09-29,Australia,local,Wikipedia / Wikidata (Category:Australian netball players),https://en.wikipedia.org/wiki/Maisie_Nankivell,2026-04-17,
991906,Malia Vaka,,,,,,,
80353,Malysha Kelly,1990-01-14,,,Wikipedia / Wikidata (Category:Suncorp Super Netball players),https://en.wikipedia.org/wiki/Malysha_Kelly,2026-04-18,
80005,Mandy Edwards,1982-07-28,Australia,,Wikipedia / Wikidata (Category:Australian netball players),https://en.wikipedia.org/wiki/Mandy_Edwards,2026-04-17,
80018,Maree Bowden,,,,,,,
80100,Maria Folau,1987-02-18,,,Wikipedia / Wikidata (Category:Suncorp Super Netball players),https://en.wikipedia.org/wiki/Maria_Folau,2026-04-18,
1001916,Maria Lutua,,,,,,,
1016559,Mary Cholhok,1997-01-03,Uganda,import,Wikipedia team page (Queensland Firebirds 2026 squad),https://en.wikipedia.org/wiki/Queensland_Firebirds,2026-04-19,
1007301,Matilda Garrett,1998-08-11,Australia,local,Wikipedia team page (Adelaide Thunderbirds 2026 squad),https://en.wikipedia.org/wiki/Adelaide_Thunderbirds,2026-04-19,
1013638,Matilda McDonell,2000-06-22,Australia,local,Wikipedia team page (Giants Netball 2026 squad),https://en.wikipedia.org/wiki/Giants_Netball,2026-04-19,
1013629,Matisse Letherbarrow,2002-01-07,Australia,local,Wikipedia team page (Giants Netball 2026 squad),https://en.wikipedia.org/wiki/Giants_Netball,2026-04-19,
80079,Meegan Rooney,1984-02-18,Australia,,Wikipedia / Wikidata (Category:Australian netball players),https://en.wikipedia.org/wiki/Meegan_Rooney,2026-04-17,
1003472,Megan Craig,,,,,,,
80088,Megan Dehn,,,,,,,
80090,Megan Hutton,,,,,,,
1013050,Melissa Bragg,1994-12-17,,,Wikipedia / Wikidata (Category:Australian netball players),https://en.wikipedia.org/wiki/Melissa_Bragg,2026-04-17,
80013,Melissa Rowland,1989-05-18,Australia,,Wikipedia / Wikidata (Category:Australian netball players),https://en.wikipedia.org/wiki/Melissa_Rowland,2026-04-17,
80471,Melissa Tallent,,,,,,,
80702,Meretini Fuimaono,,,,,,,
1040372,Mia Lavis,2006-05-23,,,Club website profile (Melbourne Vixens),https://melbournevixens.com.au/team/profile/mia-lavis,2026-04-20,
1021092,Mia Stower,,,,,,,
80474,Micaela Wilson,1992-11-03,Australia,,Wikipedia / Wikidata (Category:Australian netball players),https://en.wikipedia.org/wiki/Micaela_Wilson,2026-04-17,
1001698,Michaela Sokolich-Beatson,,,,,,,
1007303,Mikaela Vaughan,,,,,,,
80006,Mo'onia Gerrard,,,,,,,
1004473,Molly Jovic,1995-10-07,Australia,local,Wikipedia team page (Melbourne Mavericks 2026 squad),https://en.wikipedia.org/wiki/Melbourne_Mavericks,2026-04-19,
1022295,Molly Watson,2001-12-11,,,netball.com.au player profile,https://netball.com.au/player/molly-watson,2026-04-20,
1034274,Monika 'Otai,2005-09-12,,,2025 SSN Master Sheet.ods,,2026-04-19,
1028099,Montana Holmes,1996-01-26,,,2025 SSN Master Sheet.ods,,2026-04-19,
80540,Mwai Kumwenda,1989-09-27,,,Wikipedia / Wikidata (Category:Suncorp Super Netball players),https://en.wikipedia.org/wiki/Mwai_Kumwenda,2026-04-18,
80700,Nadia Loveday,,,,,,,
80007,Nadia Mapunda,1988-10-26,Australia,,Wikipedia / Wikidata (Category:Australian netball players),https://en.wikipedia.org/wiki/Nadia_Mapunda,2026-04-17,
80033,Nardia Roselli,,,,,,,
1001846,Nat Haythornthwaite,,,,,,,
80009,Natalie Butler,,,,,,,
1028095,Natalie Sligar,,,,,,,
80014,Natalie von Bertouch,1982-12-16,Australia,,Wikipedia / Wikidata (Category:Australian netball players),https://en.wikipedia.org/wiki/Natalie_von_Bertouch,2026-04-17,
80043,Natasha Chokljat,,,,,,,
80036,Neesha Wieser,,,,,,,
80170,Ngarama Milner-Olsen,,,,,,,
80480,Ngawai Hawera,,,,,,,
80472,Nicola Gray,,,,,,,
80526,Nicola Mackle,,,,,,,
80102,Nicola Pettit,,,,,,,
1040362,Nicole Barge,,,,,,,
1013674,Nicole Styles,,,,,,,
80135,Nikala Smith,1987-01-26,Australia,,Wikipedia / Wikidata (Category:Australian netball players),https://en.wikipedia.org/wiki/Nikala_Smith,2026-04-17,
1015270,Nyah Allen,,,,,,,
80514,Olivia Bates,,,,,,,
80646,Olivia Coughlan,,,,,,,
1004510,Olivia Lewis,1999-04-29,Australia,local,Wikipedia / Wikidata (Category:Australian netball players),https://en.wikipedia.org/wiki/Olivia_Lewis_(netball),2026-04-17,
1028417,Olivia Wilkinson,2004-02-05,Australia,local,Wikipedia team page (West Coast Fever 2026 squad),https://en.wikipedia.org/wiki/West_Coast_Fever,2026-04-19,
80574,Paige Hadley,1992-08-26,Australia,local,Wikipedia team page (New South Wales Swifts 2026 squad),https://en.wikipedia.org/wiki/New_South_Wales_Swifts,2026-04-19,
80147,Pamela Cookey,,,,,,,
80058,Paula Griffin,,,,,,,
1014128,Peace Proscovia,1989-11-01,,,Wikipedia / Wikidata (Category:Suncorp Super Netball players),https://en.wikipedia.org/wiki/Peace_Proscovia,2026-04-18,
80184,Peta Scholz,1976-01-17,Australia,,Wikipedia / Wikidata (Category:Australian netball players),https://en.wikipedia.org/wiki/Peta_Scholz,2026-04-17,
80083,Peta Stephens,1978-04-15,Australia,,Wikipedia / Wikidata (Category:Australian netball players),https://en.wikipedia.org/wiki/Peta_Stephens,2026-04-17,
80581,Peta Toeava,,,,,,,
80021,Phillipa Finch,,,,,,,
80582,Phoenix Karaka,,,,,,,
999135,Phumza Maweni,1984-09-04,,,Wikipedia / Wikidata (Category:Suncorp Super Netball players),https://en.wikipedia.org/wiki/Phumza_Maweni,2026-04-18,
80453,Portia Woodman,,,,,,,
80110,Rachel Beale,,,,,,,
80137,Rachel Dunn,,,,,,,
80059,Rachel Rasmussen,,,,,,,
1013077,Rahni Samason,,,,,,,
80060,Rawinia Everitt,,,,,,,
1022298,Reilley Batcheldor,2002-05-15,Australia,local,Wikipedia team page (Melbourne Mavericks 2026 squad),https://en.wikipedia.org/wiki/Melbourne_Mavericks,2026-04-19,
1029513,Remi Kamo,1993-11-25,,,2025 SSN Master Sheet.ods,,2026-04-19,
80045,Renae Ingles,1986-07-18,Australia,local,Famous Birthdays (netball players),https://www.famousbirthdays.com/people/renae-ingles.html,2026-04-20,
1030821,Rolene Streukter,,,,,,,
80078,Romelda Aiken-George,1988-11-19,Jamaica,import,Wikipedia team page (West Coast Fever 2026 squad),https://en.wikipedia.org/wiki/West_Coast_Fever,2026-04-19,
1016035,Ruby Bakewell-Doran,1999-01-21,Australia,local,Wikipedia team page (Queensland Firebirds 2026 squad),https://en.wikipedia.org/wiki/Queensland_Firebirds,2026-04-19,
1019167,Ruby Barkmeyer,2001-02-15,,,2025 SSN Master Sheet.ods,,2026-04-19,
1005495,Rudi Ellis,1997-08-13,Australia,local,Wikipedia team page (Melbourne Vixens 2026 squad),https://en.wikipedia.org/wiki/Melbourne_Vixens,2026-04-19,
1027555,Ruth Aryang,2004-01-14,Australia,local,Wikipedia team page (West Coast Fever 2026 squad),https://en.wikipedia.org/wiki/West_Coast_Fever,2026-04-19,
1015273,Sacha McDonald,2000-01-25,Australia,local,Wikipedia team page (Melbourne Mavericks 2026 squad),https://en.wikipedia.org/wiki/Melbourne_Mavericks,2026-04-19,
991899,Sam Poolman,,,,,,,
1001944,Sam Wallace-Joseph,1994-01-16,Trinidad and Tobago,import,2025 SSN Master Sheet.ods / 2024 SSN ALL TEAMS.ods,,2026-04-19,
994117,Sam Winders,1995-06-05,,,2025 SSN Master Sheet.ods,,2026-04-19,
1001712,Samantha Gooden,,,,,,,
80162,Samantha May,1987-09-16,Australia,,Wikipedia / Wikidata (Category:Australian netball players),https://en.wikipedia.org/wiki/Samantha_May,2026-04-17,
80506,Samon Nathan,,,,,,,
1039161,Sanmarie Visser,,,,,,,
80451,Sarah East,,,,,,,
80300,Sarah Ebbott,,,,,,,
998404,Sarah Klau,1994-09-30,Australia,local,Wikipedia team page (New South Wales Swifts 2026 squad),https://en.wikipedia.org/wiki/New_South_Wales_Swifts,2026-04-19,
80178,Sarah Wall,1984-10-16,Australia,,Wikipedia / Wikidata (Category:Australian netball players),https://en.wikipedia.org/wiki/Sarah_Wall,2026-04-17,
1035513,Sasha Flegler,2006-02-25,,,Club website profile (Queensland Firebirds),https://firebirds.net.au/player/sasha-flegler,2026-04-20,
1007298,Sasha Glasgow,1998-07-19,England,import,Wikipedia team page (West Coast Fever 2026 squad),https://en.wikipedia.org/wiki/West_Coast_Fever,2026-04-19,
80065,Selina Gilsenan,,,,,,,
80535,Serena Guthrie,1990-01-05,,,Wikipedia / Wikidata (Category:Suncorp Super Netball players),https://en.wikipedia.org/wiki/Serena_Guthrie,2026-04-18,
1009731,Shadine Van Der Merwe,1992-11-25,,,Wikipedia / Wikidata (Category:Suncorp Super Netball players),https://en.wikipedia.org/wiki/Shadine_van_der_Merwe,2026-04-18,
80152,Shae Brown,,,,,,,
80830,Shamera Sterling-Humphrey,1995-10-21,Jamaica,import,Wikipedia team page (Adelaide Thunderbirds 2026 squad),https://en.wikipedia.org/wiki/Adelaide_Thunderbirds,2026-04-19,
995108,Shanice Beckford,1995-04-16,Jamaica,import,2025 SSN Master Sheet.ods,,2026-04-19,
80452,Shannon Eagland,1990-05-16,,,Wikipedia / Wikidata (Category:Australian netball players),https://en.wikipedia.org/wiki/Shannon_Eagland,2026-04-17,
80424,Shannon Saunders,,,,,,,
80050,Sharelle McMahon,1977-08-12,,,netball.com.au player profile,https://netball.com.au/player/sharelle-mcmahon,2026-04-20,
1007302,Sharni Lambden,1998-04-20,Australia,local,Wikipedia team page (New South Wales Swifts 2026 squad),https://en.wikipedia.org/wiki/New_South_Wales_Swifts,2026-04-19,
80048,Sharni Layton,1988-01-06,Australia,local,Famous Birthdays (netball players),https://www.famousbirthdays.com/people/sharni-layton.html,2026-04-20,
80015,Sheree Wingard,1988-08-18,Australia,,Wikipedia / Wikidata (Category:Australian netball players),https://en.wikipedia.org/wiki/Sheree_Wingard,2026-04-17,
80476,Sheridan Bignall,,,,,,,
80061,Sheryl Scanlan,,,,,,,
1010545,Shimona Nelson,1998-12-01,Jamaica,import,Wikipedia team page (Melbourne Mavericks 2026 squad),https://en.wikipedia.org/wiki/Melbourne_Mavericks,2026-04-19,
1014129,Sienna Allen,,,,,,,
1022761,Sloan Burton,2001-10-22,Australia,local,Wikipedia team page (West Coast Fever 2026 squad),https://en.wikipedia.org/wiki/West_Coast_Fever,2026-04-19,
80038,Sonia Mkoloma,,,,,,,
80282,Sophia Thompson,,,,,,,
1029529,Sophie Casey,2004-04-30,Australia,local,Wikipedia team page (Adelaide Thunderbirds 2026 squad),https://en.wikipedia.org/wiki/Adelaide_Thunderbirds,2026-04-19,
1007304,Sophie Craig,,,,,,,
80138,Sophie Croft,,,,,,,
1019169,Sophie Dwyer,2001-12-05,Australia,local,Wikipedia team page (Giants Netball 2026 squad),https://en.wikipedia.org/wiki/Giants_Netball,2026-04-19,
1025018,Sophie Fawns,2003-11-21,Australia,local,2025 SSN Master Sheet.ods,,2026-04-19,
1001711,Sophie Garbin,1997-07-05,Australia,local,Wikipedia team page (Melbourne Vixens 2026 squad),https://en.wikipedia.org/wiki/Melbourne_Vixens,2026-04-19,
80534,Stacey Francis-Bayman,1988-01-01,,,Wikipedia / Wikidata (Category:Suncorp Super Netball players),https://en.wikipedia.org/wiki/Stacey_Francis-Bayman,2026-04-18,
80122,Stacey Marinkovich,1981-02-25,Australia,,Wikipedia / Wikidata (Category:Australian netball players),https://en.wikipedia.org/wiki/Stacey_Marinkovich,2026-04-17,
80432,Stacey Peeters,,,,,,,
80475,Steph Fretwell,1991-11-28,Australia,local,2025 SSN Master Sheet.ods,,2026-04-19,
80062,Stephanie Bond,,,,,,,
80346,Stephanie Puopolo,,,,,,,
80478,Storm Purvis,,,,,,,
80305,Sulu Fitzpatrick,,,,,,,
1014130,Sunday Aryang,2000-12-25,Australia,local,Wikipedia team page (West Coast Fever 2026 squad),https://en.wikipedia.org/wiki/West_Coast_Fever,2026-04-19,
80131,Susan Fuhrmann,,,,,,,
80072,Susan Pettitt,,,,,,,
80031,Susan Tagicakibau,,,,,,,
80085,Tamsin Greenway,1982-10-06,England,import,Famous Birthdays (netball players),https://www.famousbirthdays.com/people/tamsin-greenway.html,2026-04-20,
80448,Tania Dalton,,,,,,,
80286,Tanya Lund,,,,,,,
1006231,Tara Hinchliffe,1998-05-25,Australia,local,Wikipedia team page (Melbourne Mavericks 2026 squad),https://en.wikipedia.org/wiki/Melbourne_Mavericks,2026-04-19,
1040373,Tara Watson,2005-06-18,,,Club website profile (Melbourne Vixens),https://melbournevixens.com.au/team/profile/tara-watson,2026-04-20,
1009742,Tayla Fraser,1999-06-13,Australia,local,Wikipedia team page (New South Wales Swifts 2026 squad),https://en.wikipedia.org/wiki/New_South_Wales_Swifts,2026-04-19,
1001713,Tayla Honey,1997-08-20,,,Wikipedia / Wikidata (Category:Australian netball players),https://en.wikipedia.org/wiki/Tayla_Honey,2026-04-17,
1020223,Tayla Williams,2000-04-13,Australia,local,Wikipedia team page (Adelaide Thunderbirds 2026 squad),https://en.wikipedia.org/wiki/Adelaide_Thunderbirds,2026-04-19,
996140,Taylah Davies,1994-10-03,Australia,,Wikipedia / Wikidata (Category:Australian netball players),https://en.wikipedia.org/wiki/Taylah_Davies,2026-04-17,
80167,Te Amo Amaru-Tibble,,,,,,,
80098,Te Huinga Reo Selby-Rickit,,,,,,,
80287,Te Paea Selby-Rickit,1992-01-14,New Zealand,import,Wikipedia team page (Queensland Firebirds 2026 squad),https://en.wikipedia.org/wiki/Queensland_Firebirds,2026-04-19,
80293,Tegan Philip,1988-09-03,,,Wikipedia / Wikidata (Category:Suncorp Super Netball players),https://en.wikipedia.org/wiki/Tegan_Philip,2026-04-18,
1007299,Teigan O'Shannassy,1999-04-14,Australia,local,Wikipedia team page (New South Wales Swifts 2026 squad),https://en.wikipedia.org/wiki/New_South_Wales_Swifts,2026-04-19,
80604,Temalisi Fakahokotau,,,,,,,
80063,Temepara Bailey,1975-10-23,New Zealand,import,Famous Birthdays (netball players),https://www.famousbirthdays.com/people/temepara-bailey.html,2026-04-20,
80493,Tera-Maria Amani,,,,,,,
80071,Tiffany Lincoln,1985-04-07,Australia,,Wikipedia / Wikidata (Category:Australian netball players),https://en.wikipedia.org/wiki/Tiffany_Lincoln,2026-04-17,
1007306,Tippah Dwan,1999-10-30,Australia,local,Wikipedia / Wikidata (Category:Australian netball players),https://en.wikipedia.org/wiki/Tippah_Dwan,2026-04-17,
1004484,Toni Anderson,,,,,,,
80134,Tracey Pemberton,1981-06-04,Australia,,Wikipedia / Wikidata (Category:Australian netball players),https://en.wikipedia.org/wiki/Tracey_Pemberton,2026-04-17,
1021262,Tyler Orr,,,,,,,
1029500,Uneeq Palavi,2001-11-22,Tonga,import,Wikipedia team page (Melbourne Mavericks 2026 squad),https://en.wikipedia.org/wiki/Melbourne_Mavericks,2026-04-19,
80075,Vanessa Ware,1985-10-26,Australia,,Wikipedia / Wikidata (Category:Australian netball players),https://en.wikipedia.org/wiki/Vanessa_Ware,2026-04-17,
80473,Verity Simmons,1991-05-19,Australia,local,Wikipedia team page (West Coast Fever 2026 squad),https://en.wikipedia.org/wiki/West_Coast_Fever,2026-04-19,
80026,Victoria Smith,,,,,,,
80136,Vilimaina Davu,,,,,,,
80095,Wendy Frew,1984-10-15,New Zealand,import,Famous Birthdays (netball players),https://www.famousbirthdays.com/people/wendy-frew.html,2026-04-20,
80047,Wendy Jacobsen,,,,,,,
80776,Whitney Souness,1995-10-12,New Zealand,import,Wikipedia team page (Giants Netball 2026 squad),https://en.wikipedia.org/wiki/Giants_Netball,2026-04-19,
1034300,Zara Walters,2003-11-25,Australia,local,Wikipedia team page (Melbourne Vixens 2026 squad),https://en.wikipedia.org/wiki/Melbourne_Vixens,2026-04-19,
1026857,Zoe Cransberg,1999-11-16,Australia,local,Wikipedia team page (West Coast Fever 2026 squad),https://en.wikipedia.org/wiki/West_Coast_Fever,2026-04-19,
1026855,Zoe Davies,,,,,,,
80524,Zoe Walker,,,,,,,
